id;name;company;department;phone_number;email;degradation;status;created_on;created_by;updated_on;updated_by;profile_image
1;Solutions Cross-platform Virgin Islands, British;Direct copy ADP;Consultant HTTP;auxiliary turn-key Plastic;Lyda88@gmail.com;Configuration green Bypass;Engineer Handmade magnetic;2021-09-26T23:29:04;sky blue;2021-09-27T09:05:12;Fresh;Health Planner Table
2;JBOD;models Pa'anga Ergonomic Concrete Fish;Applications;Station Manager;Demetrius21@hotmail.com;Fundamental;Concrete;2021-09-27T08:16:15;Georgia;2021-09-26T15:18:31;port magenta Missouri;connect Paradigm Home Loan Account
3;Myanmar;feed;cross-platform solution;Buckinghamshire optical;Dejah49@gmail.com;Representative Plastic architecture;Portugal;2021-09-26T19:21:19;Cambridgeshire secondary;2021-09-26T16:58:12;disintermediate;mission-critical mobile Practical
4;Metal Multi-layered;AGP FTP;Cambridgeshire;microchip salmon Unbranded;Oswald47@yahoo.com;Integration deposit;Small Fresh Keyboard Profound withdrawal;2021-09-27T03:38:08;withdrawal Centralized Fields;2021-09-27T11:03:42;Personal Loan Account initiatives;digital transmitting
5;District incremental parse;deposit system recontextualize;Gorgeous;Implemented experiences Cotton;Frederic.Bartoletti38@yahoo.com;Operations;Automotive Rustic Rubber Pants Cotton;2021-09-26T15:18:46;Facilitator Berkshire model;2021-09-26T21:52:52;optical index;backing up
6;Bedfordshire;parsing SMTP parse;hacking;online Sleek Plastic Gloves Fantastic;Mozell_Lueilwitz@hotmail.com;Djibouti mobile;Synergistic synthesize;2021-09-26T22:25:01;South Georgia and the South Sandwich Islands Rustic Granite Bike;2021-09-26T15:34:34;Profit-focused;bifurcated
7;B2C Steel;Branding compress;Plaza cultivate;Robust;Doris_OReilly34@gmail.com;Fort;Games;2021-09-27T06:21:49;calculate;2021-09-26T12:57:56;Borders SMTP Incredible;Corporate Won Dynamic
8;24/7 leverage;Auto Loan Account program;bypassing Barbados Missouri;Auto Loan Account;Gust10@yahoo.com;USB back-end Iceland Krona;Optimization generating;2021-09-26T13:43:13;Island Ergonomic;2021-09-27T11:41:19;purple;azure synergize
9;Australia optimize Table;Samoa;Bedfordshire Madagascar Soap;Sleek Frozen Chicken zero tolerance GB;Gianni.Bartell@yahoo.com;Handmade;SAS Tuna Shirt;2021-09-27T11:16:13;Cotton Beauty Vietnam;2021-09-27T01:31:29;Future Highway analyzing;withdrawal Tennessee
10;implement Savings Account optimize;Sleek;Optional Idaho;withdrawal holistic;Humberto.Hackett72@yahoo.com;panel;Lithuanian Litas Borders;2021-09-27T12:04:54;primary bandwidth;2021-09-27T05:22:41;Pizza revolutionize;Brazil time-frame
