id;name;type;status;created_on;created_by;updated_on;updated_by;notes
1;compressing Grass-roots;Concrete benchmark;e-services Buckinghamshire;2021-07-21T09:40:56;engineer Pants;2021-07-22T05:17:19;South Dakota Extended Product;Sports Customer Drive
2;CSS;synthesize Tuna;parse PCI;2021-07-21T06:21:25;Malta application Netherlands Antillian Guilder;2021-07-22T02:15:39;architectures Pants;Lilangeni
3;copying Locks overriding;Games leverage content;Credit Card Account Fantastic;2021-07-22T02:04:59;Facilitator Rustic;2021-07-22T02:55:04;Toys redundant Ameliorated;digital Rubber
4;eyeballs;Lebanese Pound Unbranded;Industrial;2021-07-21T14:03:34;Multi-lateral Lek reinvent;2021-07-21T21:40:26;Engineer;driver e-tailers Ecuador
5;deposit;Won FTP web-enabled;Liaison 24/7 program;2021-07-21T18:28:05;Data clear-thinking;2021-07-21T06:21:20;Ergonomic;Baht
6;Wooden Montana;ivory Checking Account;deposit enterprise;2021-07-22T00:26:56;Fields;2021-07-21T13:19:44;compressing Analyst;foreground
7;Handcrafted;Computers;Fish Cheese;2021-07-21T19:15:56;SSL;2021-07-22T02:33:23;deposit;whiteboard Kentucky XML
8;vertical Granite application;Small Rubber Car asynchronous Small Frozen Mouse;Direct;2021-07-22T04:08:19;plug-and-play Producer;2021-07-21T12:04:33;methodologies;Iceland
9;Tala;Panama alarm;Markets;2021-07-21T10:17:20;blue Small;2021-07-21T17:40:03;microchip CSS deliver;Cotton Refined Cotton Sausages
10;Buckinghamshire New Mexico;PNG Designer Chips;Directives Savings Account;2021-07-21T13:05:07;Configurable Health;2021-07-22T01:45:03;transmitter approach withdrawal;Maryland
