id;name;company;department;phone_number;email;designation;created_on;created_by;updated_on;updated_by
1;analyzing;CFA Franc BCEAO;Corporate Somali Shilling Principal;Licensed Rubber Shoes Barbados;Lauretta.Wiegand@gmail.com;invoice;2021-09-29T04:56:10;Michigan Specialist Rustic Concrete Sausages;2021-09-28T15:04:56;withdrawal
2;black program;infomediaries payment;Isle of Man;Fresh service-desk;Frida73@gmail.com;SMTP Kentucky Handmade Concrete Tuna;2021-09-28T14:55:58;bandwidth;2021-09-28T17:49:46;cross-platform channels
3;Cambridgeshire Baby Singapore Dollar;Islands radical;transmitting Missouri Soap;Denar Movies;Thurman_Ratke82@gmail.com;supply-chains Accountability withdrawal;2021-09-28T14:19:57;Functionality Checking Account Small;2021-09-28T20:20:11;Sleek
4;SMS Bedfordshire tan;Greenland microchip Kyat;Gibraltar Pound Communications Global;Ergonomic Savings Account;Ronny.Wiegand@yahoo.com;Practical Concrete Fish clicks-and-mortar deposit;2021-09-28T20:37:36;Granite;2021-09-28T12:02:06;tan sensor
5;open-source;wireless Incredible;Polarised Awesome Fresh Shoes Borders;Optimization multi-tasking;Fred_Labadie65@gmail.com;Associate Libyan Dinar auxiliary;2021-09-29T08:41:51;Secured vertical;2021-09-29T00:27:33;Salad
6;purple;granular generating Incredible;Creative GB;invoice;Eliza.Conn19@yahoo.com;red CSS frictionless;2021-09-28T12:30:12;Jewelery;2021-09-29T07:05:48;foreground
7;deliverables Pennsylvania;mobile;overriding Tasty Fresh Hat Organic;Concrete parsing supply-chains;Korey_Gislason81@gmail.com;Sharable Burundi Steel;2021-09-28T20:45:19;Up-sized Neck programming;2021-09-29T02:03:13;Shore
8;Strategist blue Supervisor;Accountability;synthesize quantify;Arkansas Small;Catharine_Nader@gmail.com;one-to-one;2021-09-28T23:31:43;Swedish Krona Spring Digitized;2021-09-28T12:51:29;process improvement
9;Awesome Money Market Account evolve;Pizza Liaison Turnpike;stable;alarm asymmetric Designer;Joshua.Kohler@yahoo.com;Liberian Dollar optical Computer;2021-09-28T14:35:26;Jewelery Down-sized;2021-09-28T13:33:32;orange
10;Pants optimizing engineer;Armenian Dram contextually-based 3rd generation;budgetary management strategic Iowa;optical;Kayli.Fay@hotmail.com;THX Dynamic;2021-09-28T18:02:20;feed;2021-09-29T10:29:42;Quetzal scalable Practical
