id;name;type;status;created_on;created_by;updated_on;updated_by;notes;committee_id
1;haptic bluetooth task-force;Plains Falkland Islands Pound;Corporate bandwidth;2021-07-21T12:26:05;Frozen;2021-07-22T01:56:01;Trafficway product;orchestration Concrete;51792
2;Practical Wooden Chicken maroon PNG;Practical;open-source;2021-07-21T23:54:21;fuchsia Steel;2021-07-21T10:33:17;drive Auto Loan Account;Practical Gibraltar Pound Tenge;25021
3;Mobility Synchronised;lavender Gloves interactive;Rhode Island;2021-07-21T13:37:14;National;2021-07-21T06:57:00;revolutionary;Intelligent forecast global;58367
4;Tools;Kansas Estate;Security black optical;2021-07-21T15:31:23;Berkshire;2021-07-21T12:27:40;salmon Ohio;Springs;30731
5;RAM;array modular Awesome;HTTP Towels;2021-07-22T01:35:06;RAM pink;2021-07-22T00:30:25;Home Loan Account Mountain IB;e-commerce invoice Movies;66882
6;Forward Home Loan Account withdrawal;Sleek Chicken;invoice;2021-07-21T06:19:05;Bedfordshire interactive;2021-07-21T08:20:22;pricing structure;Investor;37823
7;bus;fault-tolerant Street;Yuan Renminbi Handcrafted deposit;2021-07-22T04:14:58;Washington Coordinator;2021-07-21T20:02:37;Self-enabling;salmon models;17755
8;cultivate Handmade Wooden Shoes teal;gold Chicken system-worthy;payment Clothing Tasty;2021-07-21T21:03:57;real-time;2021-07-21T17:58:00;Soft Future-proofed Berkshire;frictionless Dalasi;81523
9;deposit;Human Borders;North Carolina Kyrgyz Republic Music;2021-07-21T08:52:57;Direct;2021-07-21T12:35:33;tangible client-driven;client-server;99358
10;haptic;circuit Rhode Island;Lead compress attitude;2021-07-21T23:08:40;monitor Corporate;2021-07-21T11:38:10;Phased Enhanced;programming Implementation array;45665
