id;first_name;middle_name;last_name;phone_number;email;is_active;invite_status;invitation_link;invite_sent_on;designation;job_type;created_on;created_by;updated_on;updated_by;notes
1;Filiberto;Tasty Cotton Pizza Cotton connecting;Price;Oregon EXE;Casimir_Sipes63@yahoo.com;fault-tolerant Cambridgeshire;payment;Jordan Handmade Rubber Car Principal;2021-07-21T09:53:12;Personal Loan Account;Bedfordshire;2021-07-21T06:18:12;Buckinghamshire multi-byte networks;2021-07-21T21:30:21;Chair;Center Wooden
2;Tyler;context-sensitive;Boyer;Bermudian Dollar (customarily known as Bermuda Dollar);Geovanni11@hotmail.com;3rd generation partnerships software;program;homogeneous Director index;2021-07-22T01:02:53;deposit Somali Shilling Customer;Functionality convergence;2021-07-21T15:01:42;robust Burg ubiquitous;2021-07-22T04:56:23;online channels Strategist;internet solution calculating
3;Ryder;disintermediate;Gaylord;deposit Unbranded;Marianne.Schaden@gmail.com;Shoes multi-byte;directional Assistant Bike;backing up;2021-07-21T19:44:42;deliverables;Upgradable strategize;2021-07-21T15:18:50;Money Market Account Investor;2021-07-21T14:18:30;bypass;Forge North Dakota
4;Rylee;Industrial;Olson;Assimilated dynamic Bike;Harmony67@gmail.com;Gorgeous Metal Shirt redundant Analyst;Licensed;Executive;2021-07-21T08:49:12;withdrawal COM Intelligent;Garden Music;2021-07-21T16:27:41;Pa'anga Steel Solomon Islands Dollar;2021-07-21T15:31:16;Jamaican Dollar Sausages;Gloves Regional
5;Shanon;Supervisor Nepalese Rupee Optimization;Thompson;parsing convergence Investment Account;Felton12@yahoo.com;withdrawal Auto Loan Account transmit;Pre-emptive back-end background;needs-based Configuration Intranet;2021-07-21T11:42:29;interfaces engage;Hills Washington;2021-07-22T00:30:32;RAM Brooks analyzing;2021-07-21T14:36:53;RSS Mission;back up International vortals
6;Joan;Rwanda Franc Keyboard Corporate;Rogahn;Human Ball Operations;Allie44@hotmail.com;deliverables CSS cyan;Fields Stream purple;override Handmade Fresh Salad;2021-07-21T21:27:14;Vermont Future navigate;Directives;2021-07-21T06:43:04;Hungary Soft;2021-07-21T22:08:18;bus Chicken Dale;non-volatile
7;Deron;Personal Loan Account pink;Jacobs;Savings Account needs-based;Chad70@yahoo.com;Central invoice;Buckinghamshire Cambridgeshire;Buckinghamshire;2021-07-22T00:28:37;Avon ubiquitous bottom-line;Borders Soap Practical Granite Gloves;2021-07-21T08:59:13;blue Michigan;2021-07-21T12:17:33;Legacy;Chicken Soft
8;Dell;Cheese networks;Schoen;Right-sized;Nayeli36@yahoo.com;Rupiah 1080p Soft;target Handmade Plastic Tuna;Unbranded Frozen Car Refined Frozen Mouse;2021-07-22T01:27:24;payment;Gloves Street;2021-07-21T17:27:07;ivory;2021-07-21T14:50:48;foreground Alaska solid state;Sausages Nebraska New Zealand
9;Margarette;Multi-tiered quantify Networked;Koepp;Avon Tasty Rubber Gloves;Ariel84@gmail.com;Small Metal Chair Arizona Manors;harness Soft;Assimilated Oval;2021-07-21T22:16:14;Sausages;lavender;2021-07-22T00:43:24;synergize Kansas;2021-07-22T03:11:22;interface;calculating hack
10;Eldora;Awesome Wooden Bacon;Schamberger;Principal;Kelli.Bradtke58@hotmail.com;strategy Money Market Account;e-business;Credit Card Account yellow;2021-07-21T10:24:46;Generic Balanced deposit;Intelligent Wooden Shirt;2021-07-21T08:42:02;indigo Officer;2021-07-22T01:23:58;transition;Liaison
