id;first_name;middle_name;last_name;phone_number;email;is_active;invite_status;invitation_link;invite_sent_on;designation;job_type;created_on;created_by;updated_on;updated_by;notes;contact_id
1;Arlene;Central Handmade Steel Gloves Bike;Kessler;black;Andres95@hotmail.com;parsing Wells compressing;Advanced Tasty Fresh Bike Senior;copying generating;2021-07-22T01:27:23;bypassing Rwanda Franc Trinidad and Tobago Dollar;invoice open-source Computers;2021-07-21T20:02:52;systems;2021-07-21T23:57:21;hack;Baby Michigan bypass;1
2;Anita;blue RSS;Nader;Practical Frozen Table Eritrea;Thad50@yahoo.com;attitude-oriented Gloves;Intelligent Granite Soap copying bypass;Refined Rubber Shoes;2021-07-22T01:30:47;Lari exploit;Kids Wyoming Fresh;2021-07-21T20:03:22;methodologies Legacy Savings Account;2021-07-22T04:15:24;calculate optical;Outdoors Cambridgeshire;2
3;Emil;Tuna deliver Movies;Hudson;Hong Kong Dollar proactive;Felicity.OReilly@yahoo.com;Saint Helena Pound;morph;deposit Bosnia and Herzegovina;2021-07-21T16:06:23;Grocery;Chair innovate;2021-07-21T19:09:15;Director Home Loan Account;2021-07-22T03:05:56;open-source;transmit;3
4;Nolan;withdrawal JBOD parsing;Hickle;Handcrafted Seamless Avon;Yasmine.Lindgren56@yahoo.com;infrastructures matrix;Station;success implement Trinidad and Tobago Dollar;2021-07-21T11:55:11;Pass;composite systems Licensed;2021-07-22T02:31:25;niches Chair;2021-07-22T01:29:33;web-readiness;Group task-force Representative;4
5;Dan;open-source;Parisian;mobile Liberian Dollar Customer;Frank.Jast@gmail.com;matrix;Metal Pakistan Rupee haptic;online application Rustic;2021-07-21T07:32:10;Tuna Games;matrix;2021-07-22T02:09:30;withdrawal Music;2021-07-22T05:17:15;XSS;metrics Awesome Plastic Chips;5
6;Donald;Bridge 5th generation;Conn;Home Loan Account;Sheridan.Trantow92@yahoo.com;protocol Checking Account cyan;New York Buckinghamshire;Taka Functionality override;2021-07-21T16:06:22;secured line Landing Internal;Andorra explicit;2021-07-21T10:42:10;Hat;2021-07-22T00:05:56;withdrawal engineer Electronics;Unbranded;6
7;Hollie;primary;Parker;grey firmware red;Hilda91@hotmail.com;Games bluetooth haptic;core;global;2021-07-21T17:00:22;Implementation Global;Refined Steel Tuna Chief;2021-07-22T03:28:04;Rial Omani invoice;2021-07-21T15:27:02;Infrastructure Human;Intranet Island;7
8;Mossie;Savings Account Coordinator;Lehner;Minnesota;Rodger_Goldner2@gmail.com;Fresh Legacy Pre-emptive;Rapids;Practical Soft Computer Buckinghamshire;2021-07-21T06:39:17;PCI Mission;bifurcated;2021-07-21T13:14:10;firewall;2021-07-21T16:55:45;Generic matrix connect;withdrawal;8
9;Terry;Checking Account;Runte;Accountability Borders Auto Loan Account;Nickolas.Prohaska@hotmail.com;Lead;blue Tasty Steel Sausages transmitting;Licensed;2021-07-21T10:46:11;plug-and-play forecast;Horizontal Liaison;2021-07-21T06:09:52;hacking;2021-07-21T12:25:17;Avon quantify EXE;solutions Gorgeous Auto Loan Account;9
10;Aurelio;initiatives Cambridgeshire revolutionize;Von;Buckinghamshire Analyst Tuna;Arvid.Strosin67@gmail.com;Specialist panel back-end;maroon;Principal maroon;2021-07-21T17:18:19;Sudan Guarani;AGP navigate Electronics;2021-07-21T06:18:49;service-desk neural deposit;2021-07-21T13:55:04;Jordan;executive;10
