id;file_name;file_type;file_size;local_file_path;s_3_bucket;source_of_origin;created_on;created_by;updated_on;updated_by
1;invoice infomediaries;target Fantastic Universal;32816;Palau viral;Soft Operations neural;navigate Maine hacking;2021-07-21T13:19:17;Implementation;2021-07-21T07:24:07;transmit hacking
2;Intelligent Cotton Car pricing structure Metal;program black;38674;Chicken;CSS white orchid;AGP Cambridgeshire payment;2021-07-21T12:17:07;maximize invoice;2021-07-21T16:59:18;clear-thinking copy
3;Steel back up envisioneer;bi-directional;68413;24/7 Steel Personal Loan Account;sensor Uzbekistan turn-key;SSL Home Loan Account;2021-07-22T01:56:17;Guyana array microchip;2021-07-21T17:53:07;scalable
4;Beauty back up;Health COM indigo;11053;Nevada Checking Account Chief;payment Checking Account;dynamic;2021-07-22T02:15:19;Savings Account mesh;2021-07-21T23:39:44;Buckinghamshire
5;tertiary stable Tuna;Bike;54729;supply-chains visualize;Steel Estonia;Bulgarian Lev;2021-07-21T19:39:43;Savings Account Indiana withdrawal;2021-07-21T10:28:25;Rustic Concrete Gloves Cocos (Keeling) Islands benchmark
6;Fords;payment;505;Customer green Accounts;XSS;Soap;2021-07-22T03:49:41;encryption Port;2021-07-21T23:57:40;Human
7;enhance experiences;Supervisor transform;75620;e-commerce;open-source toolset Ford;Incredible;2021-07-21T23:56:48;Incredible;2021-07-21T15:47:30;Indiana back up
8;COM capability;Tools;60634;Credit Card Account turquoise;Tools;transparent;2021-07-21T11:08:19;Plastic Dynamic;2021-07-21T06:36:55;foreground reboot Shirt
9;Reverse-engineered Grocery;CSS transmitter;48377;synthesize Producer;orange context-sensitive Electronics;payment open-source system engine;2021-07-21T06:53:26;UIC-Franc;2021-07-21T09:53:16;4th generation
10;Right-sized Sleek multi-byte;generating;9019;open-source visualize;hard drive;Intranet Executive transmitting;2021-07-21T16:26:05;Sao Tome and Principe synthesizing withdrawal;2021-07-21T13:48:28;Moldovan Leu
