id;name;description;status;created_on;created_by;updated_on;updated_by;securityservice_id
1;CSS AI;Beauty Account FTP;Outdoors CSS deposit;2021-09-05T16:39:40;Account bandwidth-monitored extensible;2021-09-05T18:50:03;systems pink;6680
2;calculating;payment;web;2021-09-05T18:27:15;Automotive Mountains;2021-09-06T02:27:27;plum Steel;31255
3;impactful;Team-oriented RAM;Ball impactful Engineer;2021-09-05T17:31:26;CSS Cambridgeshire;2021-09-05T20:13:02;application;9207
4;connect Response;Dynamic;Group Licensed Pants;2021-09-05T22:28:10;Orchestrator invoice;2021-09-05T19:21:08;withdrawal Gorgeous;76202
5;Concrete Berkshire;incentivize Chips;Executive;2021-09-06T00:30:48;York;2021-09-05T12:13:02;Lakes RSS;76151
6;fault-tolerant Granite Supervisor;auxiliary Lodge;Avon;2021-09-06T07:15:45;Gloves bottom-line;2021-09-05T10:16:51;Dollar driver;52620
7;Avon back-end;invoice parsing;firewall frictionless;2021-09-05T19:32:59;Books;2021-09-05T19:54:11;parse invoice Card;97017
8;Technician Salad input;disintermediate;Cordoba;2021-09-06T07:11:40;virtual;2021-09-06T00:05:11;Facilitator;38331
9;Massachusetts Implementation invoice;TCP up;transmitter Creative;2021-09-05T20:58:22;Rubber Alley Synchronised;2021-09-06T01:24:24;24/7 transmitting;76942
10;Cotton Money;Steel visualize;Bedfordshire web-readiness Configurable;2021-09-05T17:58:30;middleware;2021-09-05T08:15:17;Handcrafted;42112
