id;status;stages;created_on;created_by;updated_on;updated_by;notes
1;Organized;viral web-enabled Ergonomic;2021-09-06T00:16:24;Metal Interactions virtual;2021-09-05T13:47:52;Montenegro;compress
2;pink Ethiopian;Myanmar Cheese 1080p;2021-09-05T12:27:04;optimize Hat Clothing;2021-09-05T19:01:20;USB Borders Strategist;Soft
3;Soap Trail lavender;Cove;2021-09-05T09:29:41;SQL Tokelau;2021-09-05T16:18:12;Account;AGP haptic
4;Leu;service-desk Cambridgeshire Electronics;2021-09-05T10:42:43;calculate optical;2021-09-05T20:41:50;database compress primary;Shoes dynamic
5;blue supply-chains whiteboard;wireless cutting-edge Central;2021-09-05T12:27:55;Quality-focused overriding;2021-09-05T21:34:12;hacking;blue driver
6;Total;Walks Steel Island;2021-09-05T17:22:58;Minnesota blockchains;2021-09-06T04:54:09;data-warehouse;magnetic
7;programming Borders;local sky circuit;2021-09-05T13:37:28;Plastic;2021-09-05T18:06:56;matrix yellow Communications;hardware Egypt
8;sensor Account;Dynamic;2021-09-06T05:51:35;1080p Incredible index;2021-09-06T05:46:22;Beauty;1080p Home payment
9;Loan Italy Books;Iowa;2021-09-05T23:48:19;Bacon;2021-09-05T14:58:07;quantifying neural mobile;Operative Refined
10;Arabia;Implemented;2021-09-06T01:30:57;RSS Cloned Intranet;2021-09-05T13:34:21;transitional;Chicken compressing
