id;first_name;middle_name;last_name;phone_number;email;address;zip_code;status;created_on;created_by;updated_on;updated_by
1;Tod;THX JSON;Bednar;Planner Shoes;Cassandra_Klocko@yahoo.com;Handcrafted Cotton Fish open-source;97500;facilitate Maine;2021-07-21T09:17:32;Switchable Ridge;2021-07-22T02:48:01;Borders Fantastic Steel Chips Ohio
2;Elouise;synthesizing Principal;Adams;Port Brunei Darussalam back up;Adele0@gmail.com;navigate;53055-2926;drive;2021-07-21T09:26:45;Orchestrator;2021-07-21T09:48:39;overriding Turnpike
3;Vergie;Indiana;McKenzie;Shoes supply-chains;Khalid.Reilly@yahoo.com;pink JSON;49605;Metal navigate;2021-07-21T09:51:49;system Malaysian Ringgit;2021-07-21T11:53:12;frictionless Money Market Account magenta
4;Daren;Liaison Field;Prohaska;withdrawal Forward;Okey3@hotmail.com;real-time;41056;Bedfordshire Investment Account Administrator;2021-07-21T23:30:59;orchestration FTP;2021-07-21T21:05:55;Shirt Lari Kentucky
5;Scot;payment paradigm transmitter;Wiza;reboot;Enrico7@gmail.com;TCP Western Sahara Hat;42776;Games;2021-07-22T02:21:29;Intelligent Re-engineered;2021-07-21T07:31:34;Table redefine
6;Nannie;proactive;Thiel;open-source programming;Edward66@hotmail.com;Concrete;06518-7163;Practical Frozen Cheese;2021-07-21T13:56:53;Liberia;2021-07-21T20:50:12;Keyboard toolset
7;George;1080p;Waelchi;AGP bandwidth;Tara.Sporer@yahoo.com;client-server;30803-5732;COM Interactions next-generation;2021-07-21T22:20:14;forecast Refined Granite Chair;2021-07-21T08:03:44;Berkshire e-markets markets
8;Gerson;Bedfordshire feed Home Loan Account;Rosenbaum;Garden;Brian.Jast@yahoo.com;Gorgeous Metal Chair functionalities Berkshire;93926-7230;Cambridgeshire Netherlands;2021-07-21T09:39:40;hacking;2021-07-21T16:53:16;Ferry Macedonia
9;Daphney;interactive redundant Rustic;Fahey;benchmark Tasty;Ophelia.Schoen75@hotmail.com;sensor generating;40174-7466;platforms;2021-07-21T18:02:44;compress Agent Credit Card Account;2021-07-21T14:18:57;intranet
10;Chanelle;users Granite bleeding-edge;Osinski;end-to-end Convertible Marks;Jacky_Kuhic@gmail.com;Uruguay;55915-5485;Cheese Checking Account dedicated;2021-07-21T09:25:32;system engine;2021-07-22T03:34:04;system redefine lavender
